tempo,custo_pres,custo_fut,custo_tot
367.02204060554504,8.065452537246805e6,7.046515216000001e7,7.853060469724682e7
