tempo,custo_pres,custo_fut,custo_tot
21.53315782546997,1.159780286447735e7,1.2949851066666667e8,1.4109631353114402e8
