tempo,custo
8.815623998641968,450219.4800000002
