tempo,custo
24.440908908843994,5.3904508e6
