tempo,custo
97.07681632041931,1.1587073358143073e7
