tempo,custo
91.53770136833191,1.1587073358143084e7
