tempo,custo
252.1086187362671,1.1587073358143086e7
