tempo,custo_pres,custo_fut,custo_tot
26.25055193901062,1.159780286447735e7,1.2949851066666667e8,1.4109631353114402e8
