tempo,custo_pres,custo_fut,custo_tot
378.8877651691437,1.0354783280906923e7,1.2949851066666667e8,1.398532939475736e8
